Trek,IndiaHikes,Trekkers of India,Trek The Himalayas,The Searching Souls,Trekup India,Himalayan Hikers,Traveloft
Kuari Pass Trek,https://indiahikes.com/kuari-pass,https://www.trekkersofindia.com/product/kuari-pass-trek,https://trekthehimalayas.com/winter-kuari-pass-trek,https://www.thesearchingsouls.com/kuari-pass-trek,"Kuari Pass Trek 2025 - Itinerary, Dates, Safety & Food",https://himalayanhikers.in/kuari-pass-trek/,https://www.traveloftindia.com/kuaripass
Dayara Bugyal Trek,https://www.indiahikes.com/dayara-bugyal-trek,https://www.trekkersofindia.com/product/dayara-bugyal-trek,https://www.trekthehimalayas.com/dayara-bugyal-trek,https://www.thesearchingsouls.com/dayara-bugyal-winter-trek/,https://www.trekupindia.com/dayara-bugyal-trek,https://himalayanhikers.in/dayara-bugyal-trek/,https://www.traveloftindia.com/dayarabugyal
Brahmatal Lake Trek,https://www.indiahikes.com/brahmatal-trek,https://www.trekkersofindia.com/product/brahmatal-trek,https://www.trekthehimalayas.com/brahmatal-trek,https://www.thesearchingsouls.com/brahmatal-lake-trek/,https://www.trekupindia.com/brahmatal-trek,https://himalayanhikers.in/brahmatal-trek/,https://www.traveloftindia.com/copy-of-har-ki-dun-1
Kedarkantha Winter Trek,https://www.indiahikes.com/kedarkantha-trek,https://www.trekkersofindia.com/product/kedarkantha-winter-trek,https://www.trekthehimalayas.com/kedarkantha-trek,https://www.thesearchingsouls.com/kedarkantha-trekking/,https://www.trekupindia.com/kedarkantha-trek,https://himalayanhikers.in/kedarkantha-trek/,https://www.traveloftindia.com/kedarkanthasankri
Rupin Pass Trek,https://indiahikes.com/rupin-pass,https://www.trekkersofindia.com/product/rupin-pass-trek,https://www.trekthehimalayas.com/rupin-pass-trek,https://www.thesearchingsouls.com/rupin-pass-trek,https://www.trekupindia.com/rupin-pass-trek,https://himalayanhikers.in/rupin-pass-trek/,N/A
Har Ki Dun Trek,https://indiahikes.com/har-ki-dun,https://www.trekkersofindia.com/product/har-ki-dun-trek,https://trekthehimalayas.com/har-ki-doon-trek,https://www.thesearchingsouls.com/har-ki-dun/,https://www.trekupindia.com/har-ki-dun-trek,https://himalayanhikers.in/har-ki-dun-trek/,https://www.traveloftindia.com/harkidun
Nag Tibba Trek,https://indiahikes.com/nag-tibba,https://www.trekkersofindia.com/product/nag-tibba-trek,https://www.trekthehimalayas.com/nag-tibba-trek,https://www.thesearchingsouls.com/nag-tibba-trek/,https://www.trekupindia.com/har-ki-dun-trek,https://himalayanhikers.in/nag-tibba-trek/,https://www.traveloftindia.com/nagtibba
Pindari Glacier Trek,https://indiahikes.com/documented-trek/the-complete-guide-to-pindari-glacier-trek,N/A,https://www.trekthehimalayas.com/pindari-glacier-trek,https://www.thesearchingsouls.com/pindari-glacier-trek,https://www.trekupindia.com/pindari-glacier-trek,https://www.himalayanhikers.in/pindari-glacier/,N/A
Valley of Flowers Trek,https://indiahikes.com/valley-of-flowers,https://www.trekkersofindia.com/product/valley-of-flowers,https://www.trekthehimalayas.com/valley-of-flowers-trek,https://www.thesearchingsouls.com/valley-of-flowers-and-hemkund-sahib/,https://www.trekupindia.com/valley-of-flowers-trek,https://himalayanhikers.in/valley-of-flowers-trek/,https://www.traveloftindia.com/valleyofflowers
Kareri Lake Trek,https://www.indiahikes.com/kareri-lake-trek,https://www.trekkersofindia.com/product/kareri-lake,https://www.trekthehimalayas.com/kareri-lake-trek,https://www.thesearchingsouls.com/kareri-lake-trek,N/A,https://himalayanhikers.in/kareri-lake-trek/,N/A
Indrahar Pass Trek,https://www.indiahikes.com/indrahar-pass-trek,N/A,N/A,N/A,N/A,https://himalayanhikers.in/indrahar-pass-trek/,N/A
Kheerganga Trek,https://indiahikes.com/documented-trek/kheerganga-buni-buni-pass,N/A,N/A,https://www.thesearchingsouls.com/kasol-kheerganga-trek/,N/A,https://himalayanhikers.in/kheerganga-trek/,N/A
Bhrigu Lake Trek,https://indiahikes.com/bhrigu-lake,https://www.trekkersofindia.com/product/bhrigu-lake,https://www.trekthehimalayas.com/bhrigu-lake-trek,https://www.thesearchingsouls.com/bhrigu-lake-trek,https://www.trekupindia.com/bhrigu-lake-trek,https://himalayanhikers.in/bhrigu-lake-trek/,N/A
Pin Parvati Pass Trek,https://indiahikes.com/pin-parvati-pass,N/A,https://www.trekthehimalayas.com/pin-parvati-pass-trek,N/A,https://www.trekupindia.com/pin-parvati-pass-trek,https://himalayanhikers.in/pin-parvati-pass-trek/,N/A
Beas Kund Trek,https://indiahikes.com/beas-kund,https://www.trekkersofindia.com/product/beas-kund-trek,https://www.trekthehimalayas.com/beas-kund-trek,https://www.thesearchingsouls.com/beas-kund-trek,https://www.trekupindia.com/beas-kund-trek,https://himalayanhikers.in/beas-kund-trek/,N/A
Triund Trek,https://indiahikes.com/documented-trek/triund-trek,https://www.trekkersofindia.com/product/triund-trek,N/A,https://www.thesearchingsouls.com/triund-trek,https://www.trekupindia.com/triund-trek,https://himalayanhikers.in/triund-trek/,N/A
Hampta Pass Trek,https://indiahikes.com/hampta-pass,https://www.trekkersofindia.com/product/hampta-pass,https://www.trekthehimalayas.com/hampta-pass-trek,https://www.thesearchingsouls.com/hampta-pass-trek,https://www.trekupindia.com/hampta-pass-trek,https://www.himalayanhikers.in/hampta-pass/,N/A
Chadar Trek,https://indiahikes.com/documented-trek/chadar-trek,https://www.trekkersofindia.com/product/chadar-trek,https://www.trekthehimalayas.com/chadar-trek,N/A,https://www.trekupindia.com/chadar-trek,https://himalayanhikers.in/chadar-trek/,N/A
Chopta-Chandrashila Trek,https://indiahikes.com/deoriatal-chandrashila-trek,https://www.trekkersofindia.com/product/chopta-tungnath-chandrashila-trek,https://www.trekthehimalayas.com/chopta-chandrashila-trek,https://www.thesearchingsouls.com/tungnath/,https://www.trekupindia.com/chopta-chandrashilla-tungnath-trek,https://himalayanhikers.in/chopta-chandrashila-trek/,https://www.traveloftindia.com/tungnath-chandrashila
Gaumukh Tapovan Trek,https://indiahikes.com/gaumukh-tapovan,https://www.trekkersofindia.com/product/gaumukh-tapovan-trek,https://trekthehimalayas.com/gaumukh-tapovan-trek,https://www.thesearchingsouls.com/gaumukh-trek-the-source-of-ganges/,https://www.trekupindia.com/gaumukh-tapovan-trek,https://www.himalayanhikers.in/gaumukh-tapovan-trek/,https://www.traveloftindia.com/gaumukhtapovantrek
Dodital Lake Trek,https://indiahikes.com/documented-trek/dodital-winter-trek,https://www.trekkersofindia.com/product/dodital-trek,https://trekthehimalayas.com/dodital-darwa-pass-trek,N/A,N/A,https://www.himalayanhikers.in/dodital-trek/,https://www.traveloftindia.com/dodital
Deoria Tal Trek,https://indiahikes.com/deoriatal-chandrashila-trek,N/A,https://trekthehimalayas.com/chopta-chandrashila-deoria-tal-trek,https://www.thesearchingsouls.com/deoriatal-chandrashilla-peak/,https://www.trekupindia.com/chopta-chandrashilla-tungnath-with-deoriatal-trek,https://www.himalayanhikers.in/deoriatal-chandrashila-trek/,https://www.traveloftindia.com/copy-of-chopta-tungnath-chandrashila
Binsar Trek,https://indiahikes.com/documented-trek/kasar-devi---binsar-trek,N/A,https://trekthehimalayas.com/binsar-trek,N/A,https://www.trekupindia.com/kasar-devi-temple-almora-binsar-trek,N/A,N/A
Chandrakhani Pass Trek,https://indiahikes.com/chandrakhani-pass-trek#gref,N/A,https://trekthehimalayas.com/chandrakhani-pass-trek,N/A,https://www.trekupindia.com/chandrakhani-pass-trek,https://www.himalayanhikers.in/chanderkhani-pass-trek/,N/A
Prashar Lake Trek,https://indiahikes.com/documented-trek/prashar-lake-trek,https://www.trekkersofindia.com/product/prashar-lake-trek,N/A,N/A,https://www.trekupindia.com/prashar-lake-trek,N/A,N/A
Great Himalayan National Park Trek,N/A,N/A,N/A,https://www.thesearchingsouls.com/the-great-himalayan-odyssey/,N/A,N/A,N/A
Kashmir Great Lakes Trek,https://indiahikes.com/kashmir-great-lakes,https://www.trekkersofindia.com/product/kashmir-great-lakes,https://trekthehimalayas.com/kashmir-great-lakes-trek,https://www.thesearchingsouls.com/kashmir-great-lakes-trek/,https://www.trekupindia.com/kashmir-great-lakes-trek,https://www.himalayanhikers.in/kashmir-great-lakes-trek/,N/A
Tarsar Marsar Trek,https://indiahikes.com/tarsar-marsar,https://www.trekkersofindia.com/product/tarsar-marsar-trek,https://trekthehimalayas.com/tarsar-marsar-trek,https://www.thesearchingsouls.com/tarsar-marsar-lake-trek/,https://www.trekupindia.com/tarsar-marsar-trek,https://www.himalayanhikers.in/tarsar-marsar-trek/,N/A
Goechala Trek,https://indiahikes.com/goechala,https://www.trekkersofindia.com/product/goechala-trek,https://trekthehimalayas.com/goechala-trek,https://www.thesearchingsouls.com/goechala-trek/,https://www.trekupindia.com/goechala-trek,https://www.himalayanhikers.in/goechala-trek/,N/A
Sandakphu Phalut Trek,https://indiahikes.com/sandakphu-phalut,https://www.trekkersofindia.com/product/sandakphu-trek-1,https://trekthehimalayas.com/sandakphu-trek,https://www.thesearchingsouls.com/sandakphu-trek/,https://www.trekupindia.com/sandakphu-trek,https://www.himalayanhikers.in/sandakphu-phalut-trek/,N/A
Pangarchulla Peak trek,https://indiahikes.com/pangarchulla-peak-trek,N/A,https://trekthehimalayas.com/pangarchulla-peak-trek,https://www.thesearchingsouls.com/pangarchulla-peak-trek/,https://www.trekupindia.com/pangarchulla,https://www.himalayanhikers.in/pangarchulla-peak-trek/,https://www.traveloftindia.com/pangarchullapeak
Sar Pass Trek,https://indiahikes.com/documented-trek/sar-pass-trek,https://www.trekkersofindia.com/product/sar-pass-trek,https://trekthehimalayas.com/sar-pass-trek,https://www.thesearchingsouls.com/sar-pass-trek/,https://www.trekupindia.com/sar-pass-trek,https://www.himalayanhikers.in/sar-pass-trek/,N/A
Ali Bedni Bugyal,https://indiahikes.com/ali-bedni-bugyal-trek,https://www.trekkersofindia.com/product/ali-bedni-bugyal-trek,https://trekthehimalayas.com/ali-bedni-bugyal-trek,https://www.thesearchingsouls.com/ali-bedni-bugyal-trek/,https://www.trekupindia.com/ali-bedni-bugyal-trek,https://www.himalayanhikers.in/ali-bedni-bugyal-trek/,N/A
Phulara Ridge Trek,https://indiahikes.com/phulara-ridge-trek,https://www.trekkersofindia.com/product/phulara-ridge-trek,https://trekthehimalayas.com/phulara-ridge-trek,https://www.thesearchingsouls.com/phulara-ridge-trek/,https://www.trekupindia.com/phulara-ridge-trek,https://www.himalayanhikers.in/phulara-ridge-trek/,N/A
Surya Top,https://indiahikes.com/surya-top,N/A,https://trekthehimalayas.com/surya-top-trek,N/A,https://www.trekupindia.com/surya-top-trek,https://www.himalayanhikers.in/surya-top-trek/,N/A
Bun Buni Pass Trek,https://indiahikes.com/documented-trek/kheerganga-buni-buni-pass,N/A,N/A,https://www.thesearchingsouls.com/kasol-kheerganga-trek/,N/A,https://www.himalayanhikers.in/kheerganga-trek/,N/A
Roopkund Trek,https://indiahikes.com/roopkund,N/A,https://trekthehimalayas.com/roopkund-trek,https://www.thesearchingsouls.com/roopkund-trek/,https://www.trekupindia.com/roopkund-trek,https://www.himalayanhikers.in/roopkund-trek/,N/A
Mukta Top Trek,N/A,N/A,N/A,N/A,N/A,https://www.himalayanhikers.in/mukta-top-trek/,N/A
Deoban Trek,https://indiahikes.com/deoban,https://www.trekkersofindia.com/product/deoban-trek,https://trekthehimalayas.com/deoban-trek,N/A,N/A,https://www.himalayanhikers.in/deoban-trek/,N/A
Audenâ€™s Col Trek,https://indiahikes.com/audens-col,N/A,https://trekthehimalayas.com/audens-col-expedition,N/A,https://www.trekupindia.com/auden-col-trek,https://www.himalayanhikers.in/audens-col-trek/,N/A